Workbook

Sheet Summary
A1: Covid_Pasc
A2: Pathway | B2: Pathway_name | C2: Average of abs_DCE | D2: Adj_p_value | E2: Count of gene pairs | F2: Gene pairs
A3: hsa05163 | B3: =VLOOKUP(A3,PW!A:C,2,0) -> Human cytomegalovirus infection | C3: 1.1132378 | D3: 0.14621919 | E3: 2 | F3: CTNNB1->CCND1 | G3: NFATC1->CXCL8
A4: hsa04510 | B4: =VLOOKUP(A4,PW!A:C,2,0) -> Focal adhesion | C4: 0.93539177 | D4: 0.14621919 | E4: 2 | F4: CTNNB1->CCND1 | G4: JUN->CCND1
A5: hsa04371 | B5: =VLOOKUP(A5,PW!A:C,2,0) -> Apelin signaling pathway | C5: 0.86978679 | D5: 0.13665022 | E5: 2 | F5: PRKAG2->PPARGC1A | G5: MAPK1->JAG1
A6: hsa04934 | B6: =VLOOKUP(A6,PW!A:C,2,0) -> Cushing syndrome KEGG | C6: 0.84092322 | D6: 0.017647493 | E6: 2 | F6: CREB3->POMC | G6: SP1->NCEH1
A7: hsa04659 | B7: =VLOOKUP(A7,PW!A:C,2,0) -> Th17 cell differentiation | C7: 0.79774415 | D7: 0.042726105 | E7: 10
A8: hsa05222 | B8: =VLOOKUP(A8,PW!A:C,2,0) -> Small cell lung cancer – Homo sapiens (human) KEGG | C8: 0.78634625 | D8: 0.25598808 | E8: 1 | F8: NFKB1->CCND1
A9: hsa05235 | B9: =VLOOKUP(A9,PW!A:C,2,0) -> PD‑L1 expression and PD‑1 checkpoint pathway in cancer – Homo sapiens (human) KEGG | C9: 0.68550753 | D9: 0.071189126 | E9: 2 | F9: NFKB1->CD274 | G9: HIF1A->CD274
A10: hsa04137 | B10: =VLOOKUP(A10,PW!A:C,2,0) -> Mitophagy – animal | C10: 0.6742596 | D10: 0.25072385 | E10: 2 | F10: ATF4->PRKN | G10: TP53->BNIP3L
A11: hsa05135 | B11: =VLOOKUP(A11,PW!A:C,2,0) -> Yersinia infection KEGG | C11: 0.67369475 | D11: 0.16561328 | E11: 3 | F11: FOS->CXCL8 | G11: NFATC1->IL10 | H11: NFKB1->IL10
A12: hsa04935 | B12: =VLOOKUP(A12,PW!A:C,2,0) -> Growth hormone synthesis, secretion and action KEGG | C12: 0.65571488 | D12: 0.27761394 | E12: 1 | F12: STAT1->IGF1
A15: Negative_Pasc
A16: Pathway | B16: Pathway_name | C16: Average of abs_DCE | D16: Adj_p_value | E16: Count of gene pairs
A17: hsa04371 | B17: =VLOOKUP(A17,PW!A:C,2,0) -> Apelin signaling pathway | C17: 1.7837627 | D17: 0.29511029 | E17: 1
A18: hsa04622 | B18: =VLOOKUP(A18,PW!A:C,2,0) -> RIG‑I‑like receptor signaling pathway | C18: 1.4608117 | D18: 0.27680255 | E18: 1
A19: hsa04623 | B19: =VLOOKUP(A19,PW!A:C,2,0) -> Cytosolic DNA‑sensing pathway | C19: 1.4608117 | D19: 0.27680255 | E19: 1
A20: hsa04935 | B20: =VLOOKUP(A20,PW!A:C,2,0) -> Growth hormone synthesis, secretion and action KEGG | C20: 1.4040203 | D20: 0.06206663 | E20: 6
A21: hsa05152 | B21: =VLOOKUP(A21,PW!A:C,2,0) -> Tuberculosis | C21: 1.3876931 | D21: 0.042756037 | E21: 2
A22: hsa05031 | B22: =VLOOKUP(A22,PW!A:C,2,0) -> Amphetamine addiction | C22: 1.2347232 | D22: 0.080360676 | E22: 1
A23: hsa05034 | B23: =VLOOKUP(A23,PW!A:C,2,0) -> Alcoholism | C23: 1.2347232 | D23: 0.080360676 | E23: 1
A24: hsa05161 | B24: =VLOOKUP(A24,PW!A:C,2,0) -> Hepatitis B | C24: 1.2300415 | D24: 0.06206663 | E24: 2
A25: hsa04620 | B25: =VLOOKUP(A25,PW!A:C,2,0) -> Toll‑like receptor signaling pathway | C25: 1.1456113 | D25: 0.26449465 | E25: 3
A26: hsa05418 | B26: =VLOOKUP(A26,PW!A:C,2,0) -> Fluid shear stress and atherosclerosis – Homo sapiens (human) KEGG | C26: 1.108617 | D26: 0.13226236 | E26: 3

Sheet Tables Top10_Pathway
B2: Pathway (Covid_Pasc) | C2: Main Functions | D2: Number of gene pairs | E2: Average of ABS(DCE) | F2: Adj_p_value (Min) | H2: Pathway (Normal_Pasc) | I2: Main Functions | J2: Number of gene pairs | K2: Average of ABS(DCE) | L2: Adj_p_value (Min)
B3: Human cytomegalovirus infection | C3: Maps host–virus interactions and immune evasion strategies during cytomegalovirus infection. | D3: 2 | E3: 1.1132378 | F3: 0.14621919 | H3: Apelin signaling pathway | I3: Regulates cardiovascular tone, fluid homeostasis and angiogenesis via apelin–APJ receptor signaling. | J3: 1 | K3: 1.7837627 | L3: 0.29511029
B4: Focal adhesion | C4: Links extracellular matrix to cytoskeleton, regulating cell adhesion, migration and survival signals. | D4: 2 | E4: 0.93539177 | F4: 0.14621919 | H4: RIG-I-like receptor signaling pathway | I4: Detects viral RNA in the cytoplasm to trigger interferon-mediated antiviral responses. | J4: 1 | K4: 1.4608117 | L4: 0.27680255
B5: Apelin signaling pathway | C5: Controls cardiovascular function and angiogenesis via the apelin–APJ receptor axis. | D5: 2 | E5: 0.86978679 | F5: 0.13665022 | H5: Cytosolic DNA-sensing pathway | I5: Senses foreign DNA in the cytosol to activate innate immunity via STING and type I interferons. | J5: 1 | K5: 1.4608117 | L5: 0.27680255
B6: Cushing syndrome | C6: Illustrates effects of chronic cortisol excess on metabolism, immunity and tissue homeostasis. | D6: 2 | E6: 0.84092322 | F6: 0.017647493 | H6: Growth hormone synthesis, secretion and action | I6: Controls GH release from pituitary and downstream IGF-1 signaling for growth and metabolism. | J6: 6 | K6: 1.4040203 | L6: 0.06206663
B7: Th17 cell differentiation | C7: Drives differentiation of naïve T cells into IL-17–producing Th17 cells for mucosal immunity. | D7: 10 | E7: 0.79774415 | F7: 0.042726105 | H7: Tuberculosis | I7: Details host immune pathways (e.g., IFNγ, TNFα) activated during Mycobacterium tuberculosis infection. | J7: 2 | K7: 1.3876931 | L7: 0.042756037
B8: Small cell lung cancer – Homo sapiens (human) | C8: Highlights neuroendocrine tumor pathways driving SCLC proliferation and chemoresistance. | D8: 1 | E8: 0.78634625 | F8: 0.25598808 | H8: Amphetamine addiction | I8: Illustrates dopaminergic reward‐circuit adaptations and synaptic changes in response to amphetamine. | J8: 1 | K8: 1.2347232 | L8: 0.080360676
B9: PD-L1 expression and PD-1 checkpoint pathway in cancer – Homo sapiens | C9: Details tumor immune-escape via PD-L1/PD-1 signaling and its blockade in immunotherapy. | D9: 2 | E9: 0.68550753 | F9: 0.071189126 | H9: Alcoholism | I9: Maps neuroadaptive changes in GABAergic, glutamatergic and dopaminergic systems during chronic alcohol use. | J9: 1 | K9: 1.2347232 | L9: 0.080360676
B10: Mitophagy – animal | C10: Orchestrates selective autophagic removal of damaged mitochondria to maintain cellular health. | D10: 2 | E10: 0.6742596 | F10: 0.25072385 | H10: Hepatitis B | I10: Charts viral lifecycle and host immune interactions in HBV infection of hepatocytes. | J10: 2 | K10: 1.2300415 | L10: 0.06206663
B11: Yersinia infection | C11: Covers bacterial adhesion, invasion and host inflammatory responses during Yersinia spp. infection. | D11: 3 | E11: 0.67369475 | F11: 0.16561328 | H11: Toll-like receptor signaling pathway | I11: Recognizes pathogen-associated molecular patterns to initiate NF-κB and IRF-driven inflammatory responses. | J11: 3 | K11: 1.1456113 | L11: 0.26449465
B12: Growth hormone synthesis, secretion and action | C12: Charts GH release control and downstream IGF-1 signaling for growth and metabolic regulation. | D12: 1 | E12: 0.65571488 | F12: 0.27761394 | H12: Fluid shear stress and atherosclerosis | I12: Describes endothelial responses to hemodynamic forces that influence plaque formation and vascular remodeling. | J12: 3 | K12: 1.108617 | L12: 0.13226236

Sheet Pivot_Covid_Pasc
A1: Row Labels | B1: Average of abs(beta) | C1: Min of adj_p_value | D1: Min of p_value | E1: Count of predictor | G1: Row Labels | H1: PW_Name | I1: Average of abs(beta) | J1: Min of adj_p_value | K1: Min of p_value | L1: Count of predictor
A2: hsa00010 | B2: 0.26478963 | C2: 0.010191279 | D2: 9.37e-06 | E2: 7 | G2: hsa05163 | H2: =VLOOKUP(G2,Covid_Pasc_result!A:B,2,0) -> Human cytomegaloviru | I2: 1.1132378 | J2: 0.14621919 | K2: 0.00466478 | L2: 2
A3: hsa00020 | B3: 0.3128777 | C3: 0.25818888 | D3: 0.020453389 | E3: 1 | G3: hsa04510 | H3: =VLOOKUP(G3,Covid_Pasc_result!A:B,2,0) -> Focal adhesion | I3: 0.93539177 | J3: 0.14621919 | K3: 0.00466478 | L3: 2
A4: hsa00030 | B4: 0.27622285 | C4: 0.13200701 | D4: 0.003518569 | E4: 10 | G4: hsa04371 | H4: =VLOOKUP(G4,Covid_Pasc_result!A:B,2,0) -> Apelin signaling pat | I4: 0.86978679 | J4: 0.13665022 | K4: 0.004144722 | L4: 2
A5: hsa00051 | B5: 0.27122966 | C5: 0.13665022 | D5: 0.004043736 | E5: 7 | G5: hsa04934 | H5: =VLOOKUP(G5,Covid_Pasc_result!A:B,2,0) -> Cushing syndrome KEG | I5: 0.84092322 | J5: 0.017647493 | K5: 3.62e-05 | L5: 2
A6: hsa00052 | B6: 0.1268592 | C6: 0.056170425 | D6: 0.000757199 | E6: 2 | G6: hsa04659 | H6: =VLOOKUP(G6,Covid_Pasc_result!A:B,2,0) -> Th17 cell differenti | I6: 0.79774415 | J6: 0.042726105 | K6: 0.000295571 | L6: 10
A7: hsa00061 | B7: 0.21065721 | C7: 0.20805767 | D7: 0.010596431 | E7: 7 | G7: hsa05222 | H7: =VLOOKUP(G7,Covid_Pasc_result!A:B,2,0) -> Small cell lung canc | I7: 0.78634625 | J7: 0.25598808 | K7: 0.019733181 | L7: 1
A8: hsa00062 | B8: 0.21003271 | C8: 0.16561328 | D8: 0.006135549 | E8: 4 | G8: hsa05235 | H8: =VLOOKUP(G8,Covid_Pasc_result!A:B,2,0) -> PD‑L1 expression and | I8: 0.68550753 | J8: 0.071189126 | K8: 0.001155951 | L8: 2
A9: hsa00071 | B9: 0.17869013 | C9: 0.23084941 | D9: 0.015276799 | E9: 3 | G9: hsa04137 | H9: =VLOOKUP(G9,Covid_Pasc_result!A:B,2,0) -> Mitophagy – animal | I9: 0.6742596 | J9: 0.25072385 | K9: 0.017536913 | L9: 2
A10: hsa00120 | B10: 0.19390117 | C10: 0.13665022 | D10: 0.003997754 | E10: 1 | G10: hsa05135 | H10: =VLOOKUP(G10,Covid_Pasc_result!A:B,2,0) -> Yersinia infection K | I10: 0.67369475 | J10: 0.16561328 | K10: 0.006394885 | L10: 3
A11: hsa00230 | B11: 0.23811644 | C11: 0.043259171 | D11: 0.00042411 | E11: 19 | G11: hsa04935 | H11: =VLOOKUP(G11,Covid_Pasc_result!A:B,2,0) -> Growth hormone synth | I11: 0.65571488 | J11: 0.27761394 | K11: 0.022964388 | L11: 1
A12: hsa00240 | B12: 0.30508473 | C12: 0.017647493 | D12: 4.87e-05 | E12: 15 | G12: hsa00790 | H12: =VLOOKUP(G12,Covid_Pasc_result!A:B,2,0) -> Folate biosynthesis | I12: 0.62567136 | J12: 0.12641441 | K12: 0.003059662 | L12: 1
A13: hsa00250 | B13: 0.29456105 | C13: 0.17579496 | D13: 0.007701801 | E13: 5 | G13: hsa04620 | H13: =VLOOKUP(G13,Covid_Pasc_result!A:B,2,0) -> Toll‑like receptor s | I13: 0.61501375 | J13: 0.16561328 | K13: 0.006799075 | L13: 1
... A133: hsa05418 | B133: 0.39179304 | C133: 0.054778608 | D133: 0.000685073 | E133: 6 | G133: hsa00770 | H133: =VLOOKUP(G133,Covid_Pasc_result!A:B,2,0) -> Pantothenate and CoA | I133: 1.55567e-17 | J133: 0.24010306 | K133: 0.016256978 | L133: 1
A134: Grand Total | B134: 0.33878446 | C134: 1.58e-06 | D134: 4.85e-10 | E134: 458
A462: Pathway | B462: Main Function | C462: Sum of ABS(DCE)
A463: Endocytosis | B463: Involved in internalization of extracellular materials and is critical for viral entry into host cells. | C463: 6.5241119
A464: Protein Processing in Endoplasmic Reticulum | B464: Manages protein folding, quality control, and post-translational modifications; linked to ER stress and unfolded protein response. | C464: 6.6506631
A465: Viral Life Cycle | B465: Encompasses the processes of viral replication, assembly, and release from host cells. | C465: 5.3000026
A466: Coronavirus Diseases | B466: Directly related to SARS‑CoV‑2 infection; reflects mechanisms underlying COVID‑19 and its long-term sequelae (Long‑COVID). | C466: 3.2600495
A467: Ubiquitin Mediated Proteolysis | B467: Regulates protein degradation and turnover, influencing cellular signaling and stress responses. | C467: 2.1975073

Sheet Pivot_Negative_Pasc
A3: Row Labels | B3: Average of abs(beta) | C3: Min of adj_p_value | D3: Min of p_value | E3: Count of predictor | G3: Row Labels | H3: Average of abs(beta) | I3: Min of adj_p_value | J3: Min of p_value | K3: Count of predictor
A4: hsa00010 | B4: 0.1575461 | C4: 0.0821858 | D4: 0.001510768 | E4: 6 | G4: hsa04371 | H4: 1.7837627 | I4: 0.29511029 | J4: 0.020842506 | K4: 1
A5: hsa00020 | B5: 1.91981e-16 | C5: 0.181908 | D5: 0.005964117 | E5: 1 | G5: hsa04622 | H5: 1.4608117 | I5: 0.27680255 | J5: 0.016612279 | K5: 1
A6: hsa00030 | B6: 0.38044501 | C6: 0.29511029 | D6: 0.020714511 | E6: 3 | G6: hsa04623 | H6: 1.4608117 | I6: 0.27680255 | J6: 0.016612279 | K6: 1
A7: hsa00051 | B7: 0.07669279 | C7: 0.37265268 | D7: 0.036534576 | E7: 1 | G7: hsa04935 | H7: 1.4040203 | I7: 0.06206663 | J7: 0.000646527 | K7: 6
A8: hsa00052 | B8: 0.25987633 | C8: 0.17117149 | D8: 0.005558878 | E8: 5 | G8: hsa05152 | H8: 1.3876931 | I8: 0.042756037 | J8: 0.000301283 | K8: 2
A9: hsa00061 | B9: 0.41706488 | C9: 0.26398004 | D9: 0.012212312 | E9: 2 | G9: hsa05031 | H9: 1.2347232 | I9: 0.080360676 | J9: 0.00132581 | K9: 1
A10: hsa00062 | B10: 0.26486826 | C10: 0.28003236 | D10: 0.018227243 | E10: 2 | G10: hsa05034 | H10: 1.2347232 | I10: 0.080360676 | J10: 0.00132581 | K10: 1
A11: hsa00071 | B11: 0.35467345 | C11: 0.15847361 | D11: 0.004369677 | E11: 6 | G11: hsa05161 | H11: 1.2300415 | I11: 0.06206663 | J11: 0.000644797 | K11: 2
A12: hsa00100 | B12: 0.26089019 | C12: 0.30495237 | D12: 0.022983543 | E12: 3 | G12: hsa04620 | H12: 1.1456113 | I12: 0.26449465 | J12: 0.012641288 | K12: 3
A13: hsa00120 | B13: 0.14193545 | C13: 0.000940808 | D13: 5.76e-07 | E13: 2 | G13: hsa05418 | H13: 1.108617 | I13: 0.13226236 | J13: 0.003160681 | K13: 3
A14: hsa00130 | B14: 0.082725342 | C14: 0.18836526 | D14: 0.007040613 | E14: 1 | G14: hsa05417 | H14: 1.0999838 | I14: 0.27680255 | J14: 0.014959413 | K14: 2
A15: hsa00140 | B15: 0.46069922 | C15: 0.181908 | D15: 0.006145541 | E15: 1 | G15: hsa04659 | H15: 1.0915425 | I15: 0.036761463 | J15: 0.000247779 | K15: 3
... A128: hsa05418 | B128: 1.108617 | C128: 0.13226236 | D128: 0.003160681 | E128: 3 | G128: hsa00780 | H128: 5.39163e-17 | I128: 0.38295623 | J128: 0.046198452 | K128: 1
A129: Grand Total | B129: 0.48667537 | C129: 7.14e-11 | D129: 2.19e-14 | E129: 409

Sheet Covid_Pasc_result
A1: pathway_source | B1: PW_Name | C1: Gene_pairs | D1: predictor | E1: outcome | F1: beta_int | G1: abs_beta | H1: p_value | I1: adj_p_value
A2: hsa04659 | B2: =VLOOKUP(A2,PW!A:C,3,0) -> Th17 cell differenti | C2: =D2&"->"&E2 -> SMAD2->IL23R | D2: SMAD2 | E2: IL23R | F2: 2.0823367 | G2: 2.0823367 | H2: 0.033926753 | I2: 0.30771034
A3: hsa00760 | B3: =VLOOKUP(A3,PW!A:C,3,0) -> Nicotinate and nicot | C3: =D3&"->"&E3 -> NADSYN1->NMNAT2 | D3: NADSYN1 | E3: NMNAT2 | F3: -2.0556369 | G3: 2.0556369 | H3: 4.65e-05 | I3: 0.017647493
A4: hsa04510 | B4: =VLOOKUP(A4,PW!A:C,3,0) -> Focal adhesion | C4: =D4&"->"&E4 -> CTNNB1->CCND1 | D4: CTNNB1 | E4: CCND1 | F4: 1.5308351 | G4: 1.5308351 | H4: 0.00466478 | I4: 0.14621919
A5: hsa05163 | B5: =VLOOKUP(A5,PW!A:C,3,0) -> Human cytomegaloviru | C5: =D5&"->"&E5 -> CTNNB1->CCND1 | D5: CTNNB1 | E5: CCND1 | F5: 1.5308351 | G5: 1.5308351 | H5: 0.00466478 | I5: 0.14621919
A6: hsa04659 | B6: =VLOOKUP(A6,PW!A:C,3,0) -> Th17 cell differenti | C6: =D6&"->"&E6 -> SMAD2->RORC | D6: SMAD2 | E6: RORC | F6: 1.5221003 | G6: 1.5221003 | H6: 0.019629126 | I6: 0.25598808
A7: hsa04371 | B7: =VLOOKUP(A7,PW!A:C,3,0) -> Apelin signaling pat | C7: =D7&"->"&E7 -> PRKAG2->PPARGC1A | D7: PRKAG2 | E7: PPARGC1A | F7: -1.4089613 | G7: 1.4089613 | H7: 0.004144722 | I7: 0.13665022
A8: hsa00760 | B8: =VLOOKUP(A8,PW!A:C,3,0) -> Nicotinate and nicot | C8: =D8&"->"&E8 -> SIRT2->NMNAT2 | D8: SIRT2 | E8: NMNAT2 | F8: -1.4018611 | G8: 1.4018611 | H8: 0.03857195 | I8: 0.32448156
A9: hsa04934 | B9: =VLOOKUP(A9,PW!A:C,3,0) -> Cushing syndrome KEG | C9: =D9&"->"&E9 -> CREB3->POMC | D9: CREB3 | E9: POMC | F9: -1.3535442 | G9: 1.3535442 | H9: 3.62e-05 | I9: 0.017647493
A10: hsa04659 | B10: =VLOOKUP(A10,PW!A:C,3,0) -> Th17 cell differenti | C10: =D10&"->"&E10 -> MTOR->IRF4 | D10: MTOR | E10: IRF4 | F10: -1.0758286 | G10: 1.0758286 | H10: 0.026383341 | I10: 0.29035815
A11: hsa05418 | B11: =VLOOKUP(A11,PW!A:C,3,0) -> Fluid shear stress a | C11: =D11&"->"&E11 -> KLF2->NOS3 | D11: KLF2 | E11: NOS3 | F11: 0.97160546 | G11: 0.97160546 | H11: 0.033906379 | I11: 0.30771034
A12: hsa00564 | B12: =VLOOKUP(A12,PW!A:C,3,0) -> Glycerophospholipid | C12: =D12&"->"&E12 -> SAMD8->DGKK | D12: SAMD8 | E12: DGKK | F12: -0.94029794 | G12: 0.94029794 | H12: 0.039853892 | I12: 0.32932431
A13: hsa04660 | B13: =VLOOKUP(A13,PW!A:C,3,0) -> T cell receptor sign | C13: =D13&"->"&E13 -> NFKB1->IL10 | D13: NFKB1 | E13: IL10 | F13: -0.92636842 | G13: 0.92636842 | H13: 0.006394885 | I13: 0.16561328
... A459: hsa00770 | B459: =VLOOKUP(A459,PW!A:C,3,0) -> Pantothenate and CoA | C459: =D459&"->"&E459 -> COASY->COASY | D459: COASY | E459: COASY | F459: 1.56e-17 | G459: 1.55567e-17 | H459: 0.016256978 | I459: 0.24010306

Sheet Negative_Pasc_result
A1: pathway_source | B1: PW_Name | C1: Gene_pairs | D1: predictor | E1: outcome | F1: beta_int | G1: abs_beta | H1: p_value | I1: adj_p_value
A2: hsa00270 | B2: =VLOOKUP(A2,PW!A:C,2,0) -> Cysteine and methionine metabolism | C2: =D2&"->"&E2 -> ADI1->ADI1 | D2: ADI1 | E2: ADI1 | F2: -1.6e-16 | G2: 1.59733e-16 | H2: 2.19e-14 | I2: 7.14e-11
A3: hsa00120 | B3: =VLOOKUP(A3,PW!A:C,2,0) -> Primary bile acid biosynthesis | C3: =D3&"->"&E3 -> HSD17B4->HSD17B4 | D3: HSD17B4 | E3: HSD17B4 | F3: 2.12e-16 | G3: 2.1182e-16 | H3: 5.76e-07 | I3: 0.000940808
A4: hsa00480 | B4: =VLOOKUP(A4,PW!A:C,2,0) -> Glutathione metabolism KEGG | C4: =D4&"->"&E4 -> CHAC2->PRDX6 | D4: CHAC2 | E4: PRDX6 | F4: -0.77667816 | G4: 0.77667816 | H4: 2.04e-06 | I4: 0.002214188
A5: hsa00240 | B5: =VLOOKUP(A5,PW!A:C,2,0) -> Pyrimidine metabolism | C5: =D5&"->"&E5 -> UMPS->UMPS | D5: UMPS | E5: UMPS | F5: -3.05e-16 | G5: 3.05482e-16 | H5: 4.07e-06 | I5: 0.003319143
A6: hsa00330 | B6: =VLOOKUP(A6,PW!A:C,2,0) -> Arginine and proline metabolism | C6: =D6&"->"&E6 -> ALDH18A1->ALDH18A1 | D6: ALDH18A1 | E6: ALDH18A1 | F6: -5.68e-17 | G6: 5.67549e-17 | H6: 1.23e-05 | I6: 0.008009815
A7: hsa00620 | B7: =VLOOKUP(A7,PW!A:C,2,0) -> Pyruvate metabolism KEGG | C7: =D7&"->"&E7 -> ACSS2->ACSS2 | D7: ACSS2 | E7: ACSS2 | F7: 3.57e-16 | G7: 3.57038e-16 | H7: 2.25e-05 | I7: 0.010582643
A8: hsa00510 | B8: =VLOOKUP(A8,PW!A:C,2,0) -> N‑Glycan biosynthesis KEGG | C8: =D8&"->"&E8 -> ALG2->ALG1 | D8: ALG2 | E8: ALG1 | F8: -0.63518427 | G8: 0.63518427 | H8: 2.27e-05 | I8: 0.010582643
A9: hsa00260 | B9: =VLOOKUP(A9,PW!A:C,2,0) -> Glycine, serine and threonine metabolism | C9: =D9&"->"&E9 -> SHMT1->GLDC | D9: SHMT1 | E9: GLDC | F9: 2.3421318 | G9: 2.3421318 | H9: 2.75e-05 | I9: 0.011215197
A10: hsa00380 | B10: =VLOOKUP(A10,PW!A:C,2,0) -> Tryptophan metabolism genome.jp | C10: =D10&"->"&E10 -> ALDH2->MAOA | D10: ALDH2 | E10: MAOA | F10: 1.9350147 | G10: 1.9350147 | H10: 4.16e-05 | I10: 0.013894542
A11: hsa00520 | B11: =VLOOKUP(A11,PW!A:C,2,0) -> Amino sugar and nucleotide sugar metabolism KEGG | C11: =D11&"->"&E11 -> PGM3->UAP1 | D11: PGM3 | E11: UAP1 | F11: 0.88826016 | G11: 0.88826016 | H11: 4.26e-05 | I11: 0.013894542
A12: hsa00590 | B12: =VLOOKUP(A12,PW!A:C,2,0) -> Arachidonic acid metabolism genome.jp | C12: =D12&"->"&E12 -> ALOX15B->ALOX15 | D12: ALOX15B | E12: ALOX15 | F12: -0.67537532 | G12: 0.67537532 | H12: 5e-05 | I12: 0.014847481
A13: hsa00770 | B13: =VLOOKUP(A13,PW!A:C,2,0) -> Pantothenate and CoA biosynthesis | C13: =D13&"->"&E13 -> COASY->COASY | D13: COASY | E13: COASY | F13: -1.78e-16 | G13: 1.78432e-16 | H13: 5.55e-05 | I13: 0.015095001
... A410: hsa00564 | B410: =VLOOKUP(A410,PW!A:C,2,0) -> Glycerophospholipid metabolism KEGG | C410: =D410&"->"&E410 -> PTDSS2->PLAAT3 | D410: PTDSS2 | E410: PLAAT3 | F410: 0.56251291 | G410: 0.56251291 | H410: 0.049687669 | I410: 0.39652947

Sheet PW
A1: pathway_source | B1: PW_Name | C1: PW_Short
A2: hsa00010 | B2: Glycolysis / Gluconeogenesis | C2: Glycolysis
A3: hsa00020 | B3: Citrate cycle (TCA cycle) | C3: Citrate cycle
A4: hsa00030 | B4: Pentose phosphate pathway | C4: Pentose phosphate
A5: hsa00051 | B5: Fructose and mannose metabolism | C5: Fructose & mannose
A6: hsa00052 | B6: Galactose metabolism | C6: Galactose metabolism
A7: hsa00061 | B7: Fatty acid biosynthesis | C7: Fatty acid biosynthesis
A8: hsa00062 | B8: Fatty acid elongation | C8: Fatty acid elongation
A9: hsa00071 | B9: Fatty acid degradation | C9: Fatty acid degradation
A10: hsa00120 | B10: Primary bile acid biosynthesis | C10: Primary bile acid
A11: hsa00230 | B11: Purine metabolism | C11: Purine metabolism
A12: hsa00240 | B12: Pyrimidine metabolism | C12: Pyrimidine metabolism
... A160: hsa00780 | B160: Biotin metabolism | C160: Biotin metabolism
